{"cameraMode":{"drawMode":0,"name":"Shaded","section":"Shading Mode"},"sceneLighting":true,"audioPlay":false,"sceneViewState":{"m_AlwaysRefresh":false,"showFog":true,"showSkybox":true,"showFlares":true,"showImageEffects":true,"showParticleSystems":true,"showVisualEffectGraphs":true,"m_FxEnabled":true},"in2DMode":false,"pivot":{"x":-4.781289100646973,"y":1.6050262451171876,"z":-17.13860321044922},"rotation":{"x":0.0007741968729533255,"y":0.9989382028579712,"z":-0.04228983819484711,"w":0.018283501267433168},"size":50.33420944213867,"orthographic":true}