{"cameraMode":{"drawMode":0,"name":"Shaded","section":"Shading Mode"},"sceneLighting":true,"audioPlay":false,"sceneViewState":{"m_AlwaysRefresh":false,"showFog":true,"showSkybox":true,"showFlares":true,"showImageEffects":true,"showParticleSystems":true,"showVisualEffectGraphs":true,"m_FxEnabled":true},"in2DMode":false,"pivot":{"x":3.6590194702148439,"y":23.328506469726564,"z":56.148780822753909},"rotation":{"x":-0.6690216064453125,"y":-0.32856741547584536,"z":-0.5049090385437012,"w":0.43536174297332766},"size":96.02838897705078,"orthographic":false}